division,state,uslh_ind,variable_rate_need,fix_rate_need,indicated_loss_ratio,effective_date,expiration_date
21,AK,0,1.018836151,0.109301222,0.76529462,2015-09-01,2015-12-31
21,AK,0,0.94952111,0.109301222,0.713228909,2016-01-01,2016-04-30
21,AK,0,0.98600323,0.109301222,0.740632305,2016-05-01,2099-12-31
21,AL,0,0.918507417,0.102819184,0.722438387,2015-09-01,2016-01-14
21,AL,0,0.976097148,0.102819184,0.767734737,2016-01-15,2099-12-31
21,AR,0,0.816894499,0.104670673,0.644049172,2015-09-01,2016-05-26
21,AR,0,0.825145959,0.104670673,0.650554719,2016-05-27,2099-12-31
21,AZ,0,0.779324381,0.102569724,0.627561706,2015-09-01,2015-11-17
21,AZ,0,0.796855196,0.102569724,0.641678636,2015-11-18,2099-12-31
21,CA,0,0.721451421,0.104735808,0.562888549,2015-09-01,2015-10-23
21,CA,0,0.759422548,0.104735808,0.592514262,2015-10-24,2099-12-31
21,CO,0,0.937662219,0.10296663,0.75294038,2015-09-01,2015-11-05
21,CO,0,0.955822853,0.10296663,0.767523323,2015-11-06,2099-12-31
21,CT,0,0.89678409,0.098798169,0.746842077,2015-09-01,2015-12-09
21,CT,0,0.933178033,0.098798169,0.777150965,2015-12-10,2099-12-31
21,DC,0,0.842459941,0.114415588,0.609608465,2015-09-01,2015-10-02
21,DC,0,0.839103527,0.114415588,0.607179746,2015-10-03,2099-12-31
21,DE,0,0.760624779,0.097492384,0.577045349,2015-09-01,2015-11-30
21,DE,0,0.70953804,0.097492384,0.538288572,2015-12-01,2099-12-31
21,FL,0,0.834737187,0.101632079,0.667301319,2015-09-01,2015-11-30
21,FL,0,0.875904708,0.101632079,0.700211248,2015-12-01,2099-12-31
21,GA,0,0.842386194,0.112301276,0.610284297,2015-09-01,2016-01-14
21,GA,0,0.788013278,0.112301276,0.570892701,2016-01-15,2099-12-31
21,HI,0,0.827730684,0.106715232,0.631278839,2015-09-01,2016-01-11
21,HI,0,0.782354143,0.106715232,0.596671871,2016-01-12,2099-12-31
21,IA,0,0.784001904,0.101121853,0.640329073,2015-09-01,2015-12-31
21,IA,0,0.763390364,0.101121853,0.623494716,2016-01-01,2099-12-31
21,ID,0,0.875527757,0.103292694,0.693852259,2015-09-01,2015-12-31
21,ID,0,0.873780196,0.103292694,0.692467325,2016-01-01,2099-12-31
21,IL,0,0.936180924,0.099242268,0.762376056,2015-09-01,2099-12-31
21,IN,0,0.685583477,0.09831772,0.565077526,2015-09-01,2015-12-02
21,IN,0,0.676785269,0.09831772,0.557825791,2015-12-03,2099-12-31
21,KS,0,0.833244483,0.098675892,0.684223533,2015-09-01,2099-12-31
21,KY,0,0.921449361,0.09712006,0.769213864,2015-09-01,2015-09-25
21,KY,0,0.953881326,0.09712006,0.796287644,2015-09-26,2099-12-31
21,LA,0,1.189265296,0.10288802,0.933178566,2015-09-01,2016-04-30
21,LA,0,1.164804403,0.10288802,0.913984884,2016-05-01,2099-12-31
21,MA,0,0.954833975,0.104580109,0.752249918,2015-09-01,2016-06-30
21,MA,0,0.940723128,0.104580109,0.741132924,2016-07-01,2099-12-31
21,MD,0,0.763441836,0.106545778,0.591641296,2015-09-01,2015-10-13
21,MD,0,0.806168781,0.106545778,0.624753216,2015-10-14,2099-12-31
21,ME,0,1.051505586,0.101994732,0.852667468,2015-09-01,2016-03-18
21,ME,0,1.024859245,0.101994732,0.83105991,2016-03-19,2099-12-31
21,MI,0,0.748007419,0.102255483,0.590226763,2015-09-01,2015-10-28
21,MI,0,0.769554958,0.102255483,0.60722918,2015-10-29,2099-12-31
21,MN,0,0.827519187,0.107045364,0.639473815,2015-09-01,2015-09-24
21,MN,0,0.792642899,0.107045364,0.612522811,2015-09-25,2099-12-31
21,MO,0,0.766493678,0.098433942,0.643753213,2015-09-01,2015-10-09
21,MO,0,0.75740482,0.098433942,0.636119775,2015-10-10,2099-12-31
21,MS,0,0.865035136,0.099585665,0.706784153,2015-09-01,2016-02-04
21,MS,0,0.833367183,0.099585665,0.680909589,2016-02-05,2099-12-31
21,MT,0,0.793835966,0.08740539,0.666284194,2015-09-01,2016-05-13
21,MT,0,0.790673273,0.08740539,0.663629675,2016-05-14,2099-12-31
21,NC,0,0.978874657,0.096177072,0.796851921,2015-09-01,2016-01-19
21,NC,0,1.090060865,0.096177072,0.887362941,2016-01-20,2099-12-31
21,ND,0,0.838260527,0.09682586,0.684802279,2015-09-01,2099-12-31
21,NE,0,0.848396207,0.094809642,0.734776512,2015-09-01,2016-01-11
21,NE,0,0.858700614,0.094809642,0.743700923,2016-01-12,2099-12-31
21,NH,0,0.889872786,0.106825701,0.689356713,2015-09-01,2015-12-31
21,NH,0,0.945667147,0.106825701,0.732578866,2016-01-01,2099-12-31
21,NJ,0,0.992585405,0.10399556,0.783428083,2015-09-01,2099-12-31
21,NM,0,0.837976952,0.095303544,0.726589272,2015-09-01,2015-10-02
21,NM,0,0.893365621,0.095303544,0.774615429,2015-10-03,2099-12-31
21,NV,0,0.734712883,0.096638675,0.618157901,2015-09-01,2016-02-29
21,NV,0,0.747419006,0.096638675,0.628848322,2016-03-01,2099-12-31
21,NY,0,1.467966346,0.101333947,1.195480856,2015-09-01,2015-09-11
21,NY,0,1.38618163,0.101333947,1.128877107,2015-09-12,2099-12-31
21,OH,0,0.783006689,0.096916881,0.650433314,2015-09-01,2099-12-31
21,OK,0,0.987307084,0.112956952,0.723455743,2015-09-01,2016-06-30
21,OK,0,0.954842441,0.112956952,0.699667063,2016-07-01,2099-12-31
21,OR,0,0.821735062,0.097640421,0.680970289,2015-09-01,2015-12-17
21,OR,0,0.775221756,0.097640421,0.642424801,2015-12-18,2099-12-31
21,PA,0,1.101572197,0.100052492,0.897801617,2015-09-01,2016-02-25
21,PA,0,1.111576384,0.100052492,0.905955214,2016-02-26,2099-12-31
21,RI,0,0.91657815,0.111557814,0.679948352,2015-09-01,2099-12-31
21,SC,0,1.011780609,0.107238992,0.778436423,2015-09-01,2099-12-31
21,SD,0,0.868057065,0.093229309,0.691319209,2015-09-01,2016-06-01
21,SD,0,0.879490441,0.093229309,0.70042473,2016-06-02,2099-12-31
21,TN,0,1.010488455,0.10461215,0.79413381,2015-09-01,2016-08-27
21,TN,0,1.03852873,0.10461215,0.816170411,2016-08-28,2016-02-03
21,TN,0,1.022173947,0.10461215,0.803317334,2016-02-04,2099-12-31
21,TX,0,0.579410438,0.100280507,0.476823167,2015-09-01,2016-05-26
21,TX,0,0.681659339,0.100280507,0.560968432,2016-05-27,2099-12-31
21,UT,0,0.821343588,0.10145318,0.665438946,2015-09-01,2015-10-15
21,UT,0,0.842403681,0.10145318,0.682501483,2015-10-16,2099-12-31
21,VA,0,1.071499344,0.10010856,0.871668108,2015-09-01,2016-03-31
21,VA,0,1.015639188,0.10010856,0.826225695,2016-04-01,2099-12-31
21,VT,0,0.931192506,0.101297228,0.761099204,2015-09-01,2016-03-01
21,VT,0,0.907595035,0.101297228,0.74181209,2016-03-02,2099-12-31
21,WA,0,0.811869198,0.0958524,0.664050695,2015-09-01,2099-12-31
21,WI,0,0.768327732,0.092482469,0.665477299,2015-09-01,2099-12-31
21,WV,0,0.833408457,0.094144629,0.710809353,2015-09-01,2015-10-21
21,WV,0,0.948132488,0.094144629,0.80865683,2015-10-22,2099-12-31
21,WY,0,0.867014529,0.102284196,0.691719474,2015-09-01,2099-12-31
26,AK,0,0.677718234,0.093456131,0.517191862,2015-09-01,2015-12-31
26,AK,0,0.631610657,0.093456131,0.482005463,2016-01-01,2016-04-30
26,AK,0,0.655878148,0.093456131,0.500524884,2016-05-01,2099-12-31
26,AL,0,0.710660689,0.091555768,0.553588283,2015-09-01,2016-01-14
26,AL,0,0.755218586,0.091555768,0.588297856,2016-01-15,2099-12-31
26,AR,0,0.837782843,0.093266331,0.640644167,2015-09-01,2016-05-26
26,AR,0,0.846245296,0.093266331,0.647115321,2016-05-27,2099-12-31
26,AZ,0,0.821235602,0.088819526,0.659431407,2015-09-01,2015-11-17
26,AZ,0,0.839709204,0.088819526,0.674265243,2015-11-18,2099-12-31
26,CA,0,0.667331846,0.095135793,0.500274328,2015-09-01,2015-10-23
26,CA,0,0.702454575,0.095135793,0.526604556,2015-10-24,2099-12-31
26,CO,0,0.639847653,0.094160046,0.484641086,2015-09-01,2015-11-05
26,CO,0,0.652240217,0.094160046,0.494027611,2015-11-06,2099-12-31
26,CT,0,0.87016464,0.089069434,0.696759737,2015-09-01,2015-12-09
26,CT,0,0.905478293,0.089069434,0.725036147,2015-12-10,2099-12-31
26,DC,0,0.932516828,0.096697609,0.687782706,2015-09-01,2015-10-02
26,DC,0,0.928801621,0.096697609,0.685042536,2015-10-03,2099-12-31
26,DE,0,0.988191572,0.099049953,0.711536492,2015-09-01,2015-11-30
26,DE,0,0.921820497,0.099049953,0.663746728,2015-12-01,2099-12-31
26,FL,0,0.613913164,0.088980684,0.49206391,2015-09-01,2015-11-30
26,FL,0,0.644190099,0.088980684,0.516331491,2015-12-01,2099-12-31
26,GA,0,0.888409658,0.098966226,0.640230811,2015-09-01,2016-01-14
26,GA,0,0.831066097,0.098966226,0.598906278,2016-01-15,2099-12-31
26,HI,0,1.053650007,0.094836548,0.792375333,2015-09-01,2016-01-11
26,HI,0,0.995888475,0.094836548,0.748936988,2016-01-12,2099-12-31
26,IA,0,0.726497397,0.085770022,0.604100019,2015-09-01,2015-12-31
26,IA,0,0.707397661,0.085770022,0.588218129,2016-01-01,2099-12-31
26,ID,0,0.952272219,0.087190821,0.778933991,2015-09-01,2015-12-31
26,ID,0,0.950371476,0.087190821,0.777379233,2016-01-01,2099-12-31
26,IL,0,1.134585686,0.089187289,0.907286916,2015-09-01,2099-12-31
26,IN,0,0.723086151,0.086826348,0.593948538,2015-09-01,2015-12-02
26,IN,0,0.713806665,0.086826348,0.586326296,2015-12-03,2099-12-31
26,KS,0,1.003554875,0.093849833,0.762637101,2015-09-01,2099-12-31
26,KY,0,1.071827625,0.085002172,0.899301318,2015-09-01,2015-09-25
26,KY,0,1.109552407,0.085002172,0.930953745,2015-09-26,2099-12-31
26,LA,0,1.521116082,0.095879427,1.131480923,2015-09-01,2016-04-30
26,LA,0,1.489829659,0.095879427,1.108208544,2016-05-01,2099-12-31
26,MA,0,0.700804836,0.089037544,0.561350645,2015-09-01,2016-06-30
26,MA,0,0.690448114,0.089037544,0.553054822,2016-07-01,2099-12-31
26,MD,0,0.799876242,0.08573797,0.665364938,2015-09-01,2015-10-13
26,MD,0,0.844642283,0.08573797,0.702602891,2015-10-14,2099-12-31
26,ME,0,0.872415438,0.090088393,0.690660805,2015-09-01,2016-03-18
26,ME,0,0.850307445,0.090088393,0.673158679,2016-03-19,2099-12-31
26,MI,0,0.613061785,0.098279379,0.444889496,2015-09-01,2015-10-28
26,MI,0,0.630722002,0.098279379,0.457705243,2015-10-29,2099-12-31
26,MN,0,0.964964132,0.092340187,0.745299331,2015-09-01,2015-09-24
26,MN,0,0.924295146,0.092340187,0.713888248,2015-09-25,2099-12-31
26,MO,0,0.992542627,0.087281072,0.811034637,2015-09-01,2015-10-09
26,MO,0,0.980773347,0.087281072,0.801417626,2015-10-10,2099-12-31
26,MS,0,0.759220694,0.093797926,0.577278139,2015-09-01,2016-02-04
26,MS,0,0.731426487,0.093797926,0.556144643,2016-02-05,2099-12-31
26,MT,0,0.786922622,0.092508774,0.606679631,2015-09-01,2016-05-13
26,MT,0,0.783787472,0.092508774,0.604262581,2016-05-14,2099-12-31
26,NC,0,0.885517925,0.086251226,0.732221348,2015-09-01,2016-01-19
26,NC,0,0.986100139,0.086251226,0.815391256,2016-01-20,2099-12-31
26,ND,0,0.899213175,0.088180232,0.727280145,2015-09-01,2099-12-31
26,NE,0,1.103546575,0.097908412,0.80386102,2015-09-01,2016-01-11
26,NE,0,1.116949975,0.097908412,0.813624514,2016-01-12,2099-12-31
26,NH,0,1.085688268,0.091917443,0.842398374,2015-09-01,2015-12-31
26,NH,0,1.153760115,0.091917443,0.895216125,2016-01-01,2099-12-31
26,NJ,0,0.983498547,0.090790324,0.772581785,2015-09-01,2099-12-31
26,NM,0,0.814061514,0.089759237,0.646827357,2015-09-01,2015-10-02
26,NM,0,0.867869418,0.089759237,0.689581404,2015-10-03,2099-12-31
26,NV,0,0.782864776,0.086577698,0.644897998,2015-09-01,2016-02-29
26,NV,0,0.796403638,0.086577698,0.656050862,2016-03-01,2099-12-31
26,NY,0,1.564698674,0.089645375,1.244838854,2015-09-01,2015-09-11
26,NY,0,1.477524716,0.089645375,1.175485226,2015-09-12,2099-12-31
26,OH,0,0.867502861,0.087849317,0.704275916,2015-09-01,2099-12-31
26,OK,0,0.949974955,0.103083607,0.657253426,2015-09-01,2016-06-30
26,OK,0,0.918737868,0.103083607,0.635641612,2016-07-01,2099-12-31
26,OR,0,1.213597482,0.086748336,0.997754797,2015-09-01,2015-12-17
26,OR,0,1.144903285,0.086748336,0.941278111,2015-12-18,2099-12-31
26,PA,0,0.926282571,0.088148169,0.749446276,2015-09-01,2016-02-25
26,PA,0,0.934694824,0.088148169,0.756252549,2016-02-26,2099-12-31
26,RI,0,0.868547144,0.096139934,0.644317441,2015-09-01,2099-12-31
26,SC,0,1.570616139,0.093130588,1.202785043,2015-09-01,2099-12-31
26,SD,0,0.947154429,0.090931477,0.742876904,2015-09-01,2016-06-01
26,SD,0,0.959629614,0.090931477,0.752661503,2016-06-02,2099-12-31
26,TN,0,1.094381141,0.093664352,0.833306129,2015-09-01,2016-08-27
26,TN,0,1.124749374,0.093664352,0.856429731,2016-08-28,2016-02-03
26,TN,0,1.107036785,0.093664352,0.842942649,2016-02-04,2099-12-31
26,TX,0,1.000786768,0.09020582,0.791256524,2015-09-01,2016-05-26
26,TX,0,1.177396198,0.09020582,0.930890028,2016-05-27,2099-12-31
26,UT,0,1.130423058,0.094718774,0.851167922,2015-09-01,2015-10-15
26,UT,0,1.159408265,0.094718774,0.872992741,2015-10-16,2099-12-31
26,VA,0,1.304818045,0.089213637,1.043107381,2015-09-01,2016-03-31
26,VA,0,1.236794355,0.089213637,0.988727375,2016-04-01,2099-12-31
26,VT,0,0.854061301,0.088951819,0.684769672,2015-09-01,2016-03-01
26,VT,0,0.832418422,0.088951819,0.667416834,2016-03-02,2099-12-31
26,WA,0,0.881314554,0.087444994,0.718797069,2015-09-01,2099-12-31
26,WI,0,0.834947836,0.084272807,0.706613928,2015-09-01,2099-12-31
26,WV,0,0.892246476,0.08611852,0.738921994,2015-09-01,2015-10-21
26,WV,0,1.015069939,0.08611852,0.840639356,2015-10-22,2099-12-31
26,WY,0,0.942038052,0.092535346,0.726057645,2015-09-01,2099-12-31
54,AK,0,0.94305279,0.078297906,0.716570535,2015-09-01,2015-12-31
54,AK,0,0.87889356,0.078297906,0.667819697,2016-01-01,2016-04-30
54,AK,0,0.912662056,0.078297906,0.693478398,2016-05-01,2099-12-31
54,AL,0,1.032328211,0.077522367,0.792252937,2015-09-01,2016-01-14
54,AL,0,1.097054422,0.077522367,0.841926607,2016-01-15,2099-12-31
54,AR,0,0.910547975,0.076670939,0.706553639,2015-09-01,2016-05-26
54,AR,0,0.919745429,0.076670939,0.713690544,2016-05-27,2099-12-31
54,AZ,0,0.732739311,0.075742951,0.575546419,2015-09-01,2015-11-17
54,AZ,0,0.749222199,0.075742951,0.588493271,2015-11-18,2099-12-31
54,CA,0,0.687093885,0.07697148,0.531079248,2015-09-01,2015-10-23
54,CA,0,0.723256721,0.07697148,0.559030788,2015-10-24,2099-12-31
54,CO,0,0.960246966,0.075324846,0.758433976,2015-09-01,2015-11-05
54,CO,0,0.978845021,0.075324846,0.773123319,2015-11-06,2099-12-31
54,CT,0,0.89726153,0.074363857,0.71784425,2015-09-01,2015-12-09
54,CT,0,0.933674849,0.074363857,0.746976327,2015-12-10,2099-12-31
54,DC,0,1.013276821,0.077986504,0.773004006,2015-09-01,2015-10-02
54,DC,0,1.009239861,0.077986504,0.769924308,2015-10-03,2099-12-31
54,DE,0,0.930727061,0.079380144,0.697563179,2015-09-01,2015-11-30
54,DE,0,0.868215542,0.079380144,0.65071192,2015-12-01,2099-12-31
54,FL,0,0.944613228,0.07336796,0.765985712,2015-09-01,2015-11-30
54,FL,0,0.99119961,0.07336796,0.803762552,2015-12-01,2099-12-31
54,GA,0,1.087236521,0.081535478,0.793323831,2015-09-01,2016-01-14
54,GA,0,1.017059421,0.081535478,0.742117709,2016-01-15,2099-12-31
54,HI,0,0.927117687,0.077725303,0.709652162,2015-09-01,2016-01-11
54,HI,0,0.87629271,0.077725303,0.670748736,2016-01-12,2099-12-31
54,IA,0,0.793780175,0.073516892,0.642371403,2015-09-01,2015-12-31
54,IA,0,0.772911563,0.073516892,0.625483353,2016-01-01,2099-12-31
54,ID,0,0.742376782,0.072692157,0.607589014,2015-09-01,2015-12-31
54,ID,0,0.740894992,0.072692157,0.606376262,2016-01-01,2099-12-31
54,IL,0,1.052340486,0.072927371,0.858497058,2015-09-01,2099-12-31
54,IN,0,0.782403402,0.072203206,0.644684664,2015-09-01,2015-12-02
54,IN,0,0.772362687,0.072203206,0.636411317,2015-12-03,2099-12-31
54,KS,0,0.832800009,0.073427509,0.67476883,2015-09-01,2099-12-31
54,KY,0,1.273416543,0.073544292,1.03013609,2015-09-01,2015-09-25
54,KY,0,1.318236587,0.073544292,1.066393468,2015-09-26,2099-12-31
54,LA,0,1.008029154,0.07735105,0.775318184,2015-09-01,2016-04-30
54,LA,0,0.987295939,0.07735105,0.759371385,2016-05-01,2099-12-31
54,MA,0,1.019452544,0.074930062,0.809438787,2015-09-01,2016-06-30
54,MA,0,1.004386743,0.074930062,0.797476637,2016-07-01,2099-12-31
54,MD,0,0.926122878,0.075048214,0.734177951,2015-09-01,2015-10-13
54,MD,0,0.977954465,0.075048214,0.775267108,2015-10-14,2099-12-31
54,ME,0,0.834511027,0.07163027,0.69312024,2015-09-01,2016-03-18
54,ME,0,0.813363574,0.07163027,0.675555789,2016-03-19,2099-12-31
54,MI,0,0.698986747,0.077937311,0.533576397,2015-09-01,2015-10-28
54,MI,0,0.719122168,0.077937311,0.548946911,2015-10-29,2099-12-31
54,MN,0,0.893086812,0.077714448,0.683699085,2015-09-01,2015-09-24
54,MN,0,0.855447137,0.077714448,0.654884181,2015-09-25,2099-12-31
54,MO,0,0.804249943,0.072073159,0.663881501,2015-09-01,2015-10-09
54,MO,0,0.794713382,0.072073159,0.656009388,2015-10-10,2099-12-31
54,MS,0,0.927003718,0.075698375,0.728564507,2015-09-01,2016-02-04
54,MS,0,0.893067166,0.075698375,0.701892589,2016-02-05,2099-12-31
54,MT,0,0.667468411,0.074290663,0.534526909,2015-09-01,2016-05-13
54,MT,0,0.664809174,0.074290663,0.53239732,2016-05-14,2099-12-31
54,NC,0,1.003448038,0.072461737,0.823871036,2015-09-01,2016-01-19
54,NC,0,1.117425432,0.072461737,0.917451042,2016-01-20,2099-12-31
54,ND,0,0.846135907,0.071788932,0.701222306,2015-09-01,2099-12-31
54,NE,0,0.887597291,0.074263683,0.711070358,2015-09-01,2016-01-11
54,NE,0,0.898377825,0.074263683,0.71970684,2016-01-12,2099-12-31
54,NH,0,0.919159372,0.076239518,0.717271819,2015-09-01,2015-12-31
54,NH,0,0.976789981,0.076239518,0.762244229,2016-01-01,2099-12-31
54,NJ,0,1.07603085,0.075359367,0.849494493,2015-09-01,2099-12-31
54,NM,0,0.738324711,0.073388089,0.598542389,2015-09-01,2015-10-02
54,NM,0,0.787126558,0.073388089,0.638104892,2015-10-03,2099-12-31
54,NV,0,0.714091196,0.074634058,0.569232533,2015-09-01,2016-02-29
54,NV,0,0.726440688,0.074634058,0.579076839,2016-03-01,2099-12-31
54,NY,0,1.445233919,0.073946169,1.162774642,2015-09-01,2015-09-11
54,NY,0,1.364715693,0.073946169,1.097993052,2015-09-12,2099-12-31
54,OH,0,0.825124978,0.072217021,0.679756317,2015-09-01,2099-12-31
54,OK,0,1.138970552,0.083254811,0.813909737,2015-09-01,2016-06-30
54,OK,0,1.101518909,0.083254811,0.787146748,2016-07-01,2099-12-31
54,OR,0,0.868114092,0.072954544,0.707941785,2015-09-01,2015-12-17
54,OR,0,0.818975558,0.072954544,0.667869608,2015-12-18,2099-12-31
54,PA,0,0.891704403,0.072830794,0.728415126,2015-09-01,2016-02-25
54,PA,0,0.899802627,0.072830794,0.735030399,2016-02-26,2099-12-31
54,RI,0,0.926725983,0.079162309,0.696475712,2015-09-01,2099-12-31
54,SC,0,0.922373705,0.078195877,0.701772182,2015-09-01,2099-12-31
54,SD,0,0.903198407,0.075827849,0.70864302,2015-09-01,2016-06-01
54,SD,0,0.915094637,0.075827849,0.717976718,2016-06-02,2099-12-31
54,TN,0,1.248039032,0.080095471,0.927028946,2015-09-01,2016-08-27
54,TN,0,1.282671153,0.080095471,0.952753285,2016-08-28,2016-02-03
54,TN,0,1.262471608,0.080095471,0.937749296,2016-02-04,2099-12-31
54,TX,0,0.705471568,0.073211071,0.573291948,2015-09-01,2016-05-26
54,TX,0,0.829966551,0.073211071,0.674461115,2016-05-27,2099-12-31
54,UT,0,0.631797765,0.076763599,0.489661375,2015-09-01,2015-10-15
54,UT,0,0.647997708,0.076763599,0.502216795,2015-10-16,2099-12-31
54,VA,0,0.693167035,0.074142344,0.556217539,2015-09-01,2016-03-31
54,VA,0,0.657030364,0.074142344,0.527220416,2016-04-01,2099-12-31
54,VT,0,0.884071181,0.07394725,0.711276225,2015-09-01,2016-03-01
54,VT,0,0.861667817,0.07394725,0.693251681,2016-03-02,2099-12-31
54,WA,0,0.852868399,0.072360138,0.701222306,2015-09-01,2099-12-31
54,WI,0,0.856530786,0.072675418,0.701178396,2015-09-01,2099-12-31
54,WV,0,0.696062542,0.072776147,0.569026239,2015-09-01,2015-10-21
54,WV,0,0.791880025,0.072776147,0.647356359,2015-10-22,2099-12-31
54,WY,0,0.900625331,0.074883752,0.715532965,2015-09-01,2099-12-31
59,AK,0,1.018836151,0.109301222,0.76529462,2015-09-01,2015-12-31
59,AK,0,0.94952111,0.109301222,0.713228909,2016-01-01,2016-04-30
59,AK,0,0.98600323,0.109301222,0.740632305,2016-05-01,2099-12-31
59,AL,0,0.918507417,0.102819184,0.722438387,2015-09-01,2016-01-14
59,AL,0,0.976097148,0.102819184,0.767734737,2016-01-15,2099-12-31
59,AR,0,0.816894499,0.104670673,0.644049172,2015-09-01,2016-05-26
59,AR,0,0.825145959,0.104670673,0.650554719,2016-05-27,2099-12-31
59,AZ,0,0.779324381,0.102569724,0.627561706,2015-09-01,2015-11-17
59,AZ,0,0.796855196,0.102569724,0.641678636,2015-11-18,2099-12-31
59,CA,0,0.721451421,0.104735808,0.562888549,2015-09-01,2015-10-23
59,CA,0,0.759422548,0.104735808,0.592514262,2015-10-24,2099-12-31
59,CO,0,0.937662219,0.10296663,0.75294038,2015-09-01,2015-11-05
59,CO,0,0.955822853,0.10296663,0.767523323,2015-11-06,2099-12-31
59,CT,0,0.89678409,0.098798169,0.746842077,2015-09-01,2015-12-09
59,CT,0,0.933178033,0.098798169,0.777150965,2015-12-10,2099-12-31
59,DC,0,0.842459941,0.114415588,0.609608465,2015-09-01,2015-10-02
59,DC,0,0.839103527,0.114415588,0.607179746,2015-10-03,2099-12-31
59,DE,0,0.760624779,0.097492384,0.577045349,2015-09-01,2015-11-30
59,DE,0,0.70953804,0.097492384,0.538288572,2015-12-01,2099-12-31
59,FL,0,0.834737187,0.101632079,0.667301319,2015-09-01,2015-11-30
59,FL,0,0.875904708,0.101632079,0.700211248,2015-12-01,2099-12-31
59,GA,0,0.842386194,0.112301276,0.610284297,2015-09-01,2016-01-14
59,GA,0,0.788013278,0.112301276,0.570892701,2016-01-15,2099-12-31
59,HI,0,0.827730684,0.106715232,0.631278839,2015-09-01,2016-01-11
59,HI,0,0.782354143,0.106715232,0.596671871,2016-01-12,2099-12-31
59,IA,0,0.784001904,0.101121853,0.640329073,2015-09-01,2015-12-31
59,IA,0,0.763390364,0.101121853,0.623494716,2016-01-01,2099-12-31
59,ID,0,0.875527757,0.103292694,0.693852259,2015-09-01,2015-12-31
59,ID,0,0.873780196,0.103292694,0.692467325,2016-01-01,2099-12-31
59,IL,0,0.936180924,0.099242268,0.762376056,2015-09-01,2099-12-31
59,IN,0,0.685583477,0.09831772,0.565077526,2015-09-01,2015-12-02
59,IN,0,0.676785269,0.09831772,0.557825791,2015-12-03,2099-12-31
59,KS,0,0.833244483,0.098675892,0.684223533,2015-09-01,2099-12-31
59,KY,0,0.921449361,0.09712006,0.769213864,2015-09-01,2015-09-25
59,KY,0,0.953881326,0.09712006,0.796287644,2015-09-26,2099-12-31
59,LA,0,1.189265296,0.10288802,0.933178566,2015-09-01,2016-04-30
59,LA,0,1.164804403,0.10288802,0.913984884,2016-05-01,2099-12-31
59,MA,0,0.954833975,0.104580109,0.752249918,2015-09-01,2016-06-30
59,MA,0,0.940723128,0.104580109,0.741132924,2016-07-01,2099-12-31
59,MD,0,0.763441836,0.106545778,0.591641296,2015-09-01,2015-10-13
59,MD,0,0.806168781,0.106545778,0.624753216,2015-10-14,2099-12-31
59,ME,0,1.051505586,0.101994732,0.852667468,2015-09-01,2016-03-18
59,ME,0,1.024859245,0.101994732,0.83105991,2016-03-19,2099-12-31
59,MI,0,0.748007419,0.102255483,0.590226763,2015-09-01,2015-10-28
59,MI,0,0.769554958,0.102255483,0.60722918,2015-10-29,2099-12-31
59,MN,0,0.827519187,0.107045364,0.639473815,2015-09-01,2015-09-24
59,MN,0,0.792642899,0.107045364,0.612522811,2015-09-25,2099-12-31
59,MO,0,0.766493678,0.098433942,0.643753213,2015-09-01,2015-10-09
59,MO,0,0.75740482,0.098433942,0.636119775,2015-10-10,2099-12-31
59,MS,0,0.865035136,0.099585665,0.706784153,2015-09-01,2016-02-04
59,MS,0,0.833367183,0.099585665,0.680909589,2016-02-05,2099-12-31
59,MT,0,0.793835966,0.08740539,0.666284194,2015-09-01,2016-05-13
59,MT,0,0.790673273,0.08740539,0.663629675,2016-05-14,2099-12-31
59,NC,0,0.978874657,0.096177072,0.796851921,2015-09-01,2016-01-19
59,NC,0,1.090060865,0.096177072,0.887362941,2016-01-20,2099-12-31
59,ND,0,0.838260527,0.09682586,0.684802279,2015-09-01,2099-12-31
59,NE,0,0.848396207,0.094809642,0.734776512,2015-09-01,2016-01-11
59,NE,0,0.858700614,0.094809642,0.743700923,2016-01-12,2099-12-31
59,NH,0,0.889872786,0.106825701,0.689356713,2015-09-01,2015-12-31
59,NH,0,0.945667147,0.106825701,0.732578866,2016-01-01,2099-12-31
59,NJ,0,0.992585405,0.10399556,0.783428083,2015-09-01,2099-12-31
59,NM,0,0.837976952,0.095303544,0.726589272,2015-09-01,2015-10-02
59,NM,0,0.893365621,0.095303544,0.774615429,2015-10-03,2099-12-31
59,NV,0,0.734712883,0.096638675,0.618157901,2015-09-01,2016-02-29
59,NV,0,0.747419006,0.096638675,0.628848322,2016-03-01,2099-12-31
59,NY,0,1.467966346,0.101333947,1.195480856,2015-09-01,2015-09-11
59,NY,0,1.38618163,0.101333947,1.128877107,2015-09-12,2099-12-31
59,OH,0,0.783006689,0.096916881,0.650433314,2015-09-01,2099-12-31
59,OK,0,0.987307084,0.112956952,0.723455743,2015-09-01,2016-06-30
59,OK,0,0.954842441,0.112956952,0.699667063,2016-07-01,2099-12-31
59,OR,0,0.821735062,0.097640421,0.680970289,2015-09-01,2015-12-17
59,OR,0,0.775221756,0.097640421,0.642424801,2015-12-18,2099-12-31
59,PA,0,1.101572197,0.100052492,0.897801617,2015-09-01,2016-02-25
59,PA,0,1.111576384,0.100052492,0.905955214,2016-02-26,2099-12-31
59,RI,0,0.91657815,0.111557814,0.679948352,2015-09-01,2099-12-31
59,SC,0,1.011780609,0.107238992,0.778436423,2015-09-01,2099-12-31
59,SD,0,0.868057065,0.093229309,0.691319209,2015-09-01,2016-06-01
59,SD,0,0.879490441,0.093229309,0.70042473,2016-06-02,2099-12-31
59,TN,0,1.010488455,0.10461215,0.79413381,2015-09-01,2016-08-27
59,TN,0,1.03852873,0.10461215,0.816170411,2016-08-28,2016-02-03
59,TN,0,1.022173947,0.10461215,0.803317334,2016-02-04,2099-12-31
59,TX,0,0.579410438,0.100280507,0.476823167,2015-09-01,2016-05-26
59,TX,0,0.681659339,0.100280507,0.560968432,2016-05-27,2099-12-31
59,UT,0,0.821343588,0.10145318,0.665438946,2015-09-01,2015-10-15
59,UT,0,0.842403681,0.10145318,0.682501483,2015-10-16,2099-12-31
59,VA,0,1.071499344,0.10010856,0.871668108,2015-09-01,2016-03-31
59,VA,0,1.015639188,0.10010856,0.826225695,2016-04-01,2099-12-31
59,VT,0,0.931192506,0.101297228,0.761099204,2015-09-01,2016-03-01
59,VT,0,0.907595035,0.101297228,0.74181209,2016-03-02,2099-12-31
59,WA,0,0.811869198,0.0958524,0.664050695,2015-09-01,2099-12-31
59,WI,0,0.768327732,0.092482469,0.665477299,2015-09-01,2099-12-31
59,WV,0,0.833408457,0.094144629,0.710809353,2015-09-01,2015-10-21
59,WV,0,0.948132488,0.094144629,0.80865683,2015-10-22,2099-12-31
59,WY,0,0.867014529,0.102284196,0.691719474,2015-09-01,2099-12-31
82,AK,0,1.364038505,0.190230079,0.931889695,2015-09-01,2015-12-31
82,AK,0,1.271238122,0.190230079,0.86848993,2016-01-01,2016-04-30
82,AK,0,1.320081124,0.190230079,0.901858702,2016-05-01,2099-12-31
82,AL,0,1.207136246,0.198263133,0.791282192,2015-09-01,2016-01-14
82,AL,0,1.28282279,0.198263133,0.840894997,2016-01-15,2099-12-31
82,AR,0,1.21091996,0.189858851,0.828899077,2015-09-01,2016-05-26
82,AR,0,1.223151475,0.189858851,0.837271795,2016-05-27,2099-12-31
82,AZ,0,1.090052886,0.19470174,0.727603542,2015-09-01,2015-11-17
82,AZ,0,1.114573503,0.19470174,0.743970901,2015-11-18,2099-12-31
82,CA,0,0.755540414,0.185748571,0.528626932,2015-09-01,2015-10-23
82,CA,0,0.795305699,0.185748571,0.556449403,2015-10-24,2099-12-31
82,CO,0,1.152927729,0.181976219,0.823387965,2015-09-01,2015-11-05
82,CO,0,1.175257624,0.181976219,0.839335337,2015-11-06,2099-12-31
82,CT,0,1.044068317,0.172906054,0.784758059,2015-09-01,2015-12-09
82,CT,0,1.086439456,0.172906054,0.816605681,2015-12-10,2099-12-31
82,DC,0,1.065487717,0.191645117,0.722549752,2015-09-01,2015-10-02
82,DC,0,1.061242746,0.191645117,0.719671068,2015-10-03,2099-12-31
82,DE,0,1.200910092,0.193163993,0.807981445,2015-09-01,2015-11-30
82,DE,0,1.120251951,0.193163993,0.753714035,2015-12-01,2099-12-31
82,FL,0,0.985730674,0.174811141,0.732835045,2015-09-01,2015-11-30
82,FL,0,1.034344884,0.174811141,0.768976963,2015-12-01,2099-12-31
82,GA,0,0.986770482,0.186983862,0.68584992,2015-09-01,2016-01-14
82,GA,0,0.923078094,0.186983862,0.641580842,2016-01-15,2099-12-31
82,HI,0,1.257713726,0.197754858,0.826554902,2015-09-01,2016-01-11
82,HI,0,1.188765337,0.197754858,0.781242819,2016-01-12,2099-12-31
82,IA,0,0.990527158,0.162659762,0.791413257,2015-09-01,2015-12-31
82,IA,0,0.964486035,0.162659762,0.770606872,2016-01-01,2099-12-31
82,ID,0,1.006608724,0.162232973,0.806377924,2015-09-01,2015-12-31
82,ID,0,1.004599525,0.162232973,0.804768387,2016-01-01,2099-12-31
82,IL,0,1.314375879,0.178652699,0.956152283,2015-09-01,2099-12-31
82,IN,0,1.070866631,0.172998922,0.804468522,2015-09-01,2015-12-02
82,IN,0,1.057124019,0.172998922,0.794144642,2015-12-03,2099-12-31
82,KS,0,1.047752754,0.172613205,0.788863498,2015-09-01,2099-12-31
82,KY,0,1.091453671,0.165284326,0.858204331,2015-09-01,2015-09-25
82,KY,0,1.129869224,0.165284326,0.88841028,2015-09-26,2099-12-31
82,LA,0,0.818186949,0.178979416,0.594109541,2015-09-01,2016-04-30
82,LA,0,0.801358422,0.178979416,0.581889854,2016-05-01,2099-12-31
82,MA,0,0.936725746,0.177942561,0.684147409,2015-09-01,2016-06-30
82,MA,0,0.922882509,0.177942561,0.674036856,2016-07-01,2099-12-31
82,MD,0,0.93375605,0.179967016,0.674306865,2015-09-01,2015-10-13
82,MD,0,0.986014837,0.179967016,0.712045264,2015-10-14,2099-12-31
82,ME,0,1.18389183,0.190069157,0.809501097,2015-09-01,2016-03-18
82,ME,0,1.153890673,0.190069157,0.788987424,2016-03-19,2099-12-31
82,MI,0,0.99466213,0.180483699,0.716233561,2015-09-01,2015-10-28
82,MI,0,1.023314948,0.180483699,0.736865803,2015-10-29,2099-12-31
82,MN,0,0.924995084,0.170053183,0.706922375,2015-09-01,2015-09-24
82,MN,0,0.886010617,0.170053183,0.677128711,2015-09-25,2099-12-31
82,MO,0,0.922259956,0.170413024,0.703343754,2015-09-01,2015-10-09
82,MO,0,0.911324067,0.170413024,0.69500371,2015-10-10,2099-12-31
82,MS,0,1.091516666,0.187016082,0.758522528,2015-09-01,2016-02-04
82,MS,0,1.051557481,0.187016082,0.730753881,2016-02-05,2099-12-31
82,MT,0,0.983376856,0.158345461,0.807107589,2015-09-01,2016-05-13
82,MT,0,0.97945902,0.158345461,0.803892021,2016-05-14,2099-12-31
82,NC,0,1.000094188,0.16853656,0.771194363,2015-09-01,2016-01-19
82,NC,0,1.113690633,0.16853656,0.85879105,2016-01-20,2099-12-31
82,ND,0,1.066168026,0.169959907,0.815260191,2015-09-01,2099-12-31
82,NE,0,1.03484802,0.164967124,0.815260191,2015-09-01,2016-01-11
82,NE,0,1.047417025,0.164967124,0.825162137,2016-01-12,2099-12-31
82,NH,0,1.090085483,0.183625104,0.771517123,2015-09-01,2015-12-31
82,NH,0,1.158433032,0.183625104,0.819890673,2016-01-01,2099-12-31
82,NJ,0,1.53818416,0.181151559,1.103527918,2015-09-01,2099-12-31
82,NM,0,0.852646396,0.158875595,0.69747531,2015-09-01,2015-10-02
82,NM,0,0.909004687,0.158875595,0.74357709,2015-10-03,2099-12-31
82,NV,0,1.095124493,0.179159845,0.794401183,2015-09-01,2016-02-29
82,NV,0,1.114063574,0.179159845,0.808139555,2016-03-01,2099-12-31
82,NY,0,2.074862411,0.17571425,1.534614819,2015-09-01,2015-09-11
82,NY,0,1.959265733,0.17571425,1.449116921,2015-09-12,2099-12-31
82,OH,0,1.086029197,0.174874762,0.807107589,2015-09-01,2099-12-31
82,OK,0,1.201646502,0.198969931,0.784885569,2015-09-01,2016-06-30
82,OK,0,1.162133948,0.198969931,0.759076953,2016-07-01,2099-12-31
82,OR,0,1.088653581,0.1715138,0.824912157,2015-09-01,2015-12-17
82,OR,0,1.02703168,0.1715138,0.778219016,2015-12-18,2099-12-31
82,PA,0,1.44259554,0.176561452,1.061856328,2015-09-01,2016-02-25
82,PA,0,1.455696811,0.176561452,1.071499827,2016-02-26,2099-12-31
82,RI,0,1.101727177,0.190106644,0.753171424,2015-09-01,2099-12-31
82,SC,0,0.973226505,0.18065655,0.700127736,2015-09-01,2099-12-31
82,SD,0,1.129715298,0.179018218,0.820141612,2015-09-01,2016-06-01
82,SD,0,1.144595034,0.179018218,0.830943882,2016-06-02,2099-12-31
82,TN,0,1.103258699,0.183240601,0.782479053,2015-09-01,2016-08-27
82,TN,0,1.133873277,0.183240601,0.804192243,2016-08-28,2016-02-03
82,TN,0,1.116017005,0.183240601,0.791527798,2016-02-04,2099-12-31
82,TX,0,0.760506484,0.168358219,0.587064291,2015-09-01,2016-05-26
82,TX,0,0.894713511,0.168358219,0.690663872,2016-05-27,2099-12-31
82,UT,0,1.052539034,0.181979795,0.75167846,2015-09-01,2015-10-15
82,UT,0,1.079527215,0.181979795,0.770952267,2015-10-16,2099-12-31
82,VA,0,1.282837612,0.164347812,1.014436404,2015-09-01,2016-03-31
82,VA,0,1.215959822,0.164347812,0.961551094,2016-04-01,2099-12-31
82,VT,0,1.042739299,0.169617437,0.798954987,2015-09-01,2016-03-01
82,VT,0,1.016315107,0.169617437,0.778708565,2016-03-02,2099-12-31
82,WA,0,1.032009927,0.166176463,0.807107589,2015-09-01,2099-12-31
82,WI,0,1.05241775,0.168734323,0.810591041,2015-09-01,2099-12-31
82,WV,0,1.050680958,0.17437066,0.783095118,2015-09-01,2015-10-21
82,WV,0,1.195313946,0.17437066,0.890893195,2015-10-22,2099-12-31
82,WY,0,1.117578359,0.178155328,0.815260191,2015-09-01,2099-12-31
97,AK,0,1.102,0.096,0.939,2015-09-01,2099-12-31
97,AL,0,1.102,0.096,0.939,2015-09-01,2099-12-31
97,AR,0,1.102,0.096,0.939,2015-09-01,2099-12-31
97,AZ,0,1.102,0.096,0.939,2015-09-01,2099-12-31
97,CA,0,1.102,0.096,0.939,2015-09-01,2099-12-31
97,CO,0,1.102,0.096,0.939,2015-09-01,2099-12-31
97,CT,0,1.102,0.096,0.939,2015-09-01,2099-12-31
97,DC,0,1.102,0.096,0.939,2015-09-01,2099-12-31
97,DE,0,1.102,0.096,0.939,2015-09-01,2099-12-31
97,FL,0,1.102,0.096,0.939,2015-09-01,2099-12-31
97,GA,0,1.102,0.096,0.939,2015-09-01,2099-12-31
97,HI,0,1.102,0.096,0.939,2015-09-01,2099-12-31
97,IA,0,1.102,0.096,0.939,2015-09-01,2099-12-31
97,ID,0,1.102,0.096,0.939,2015-09-01,2099-12-31
97,IL,0,1.102,0.096,0.939,2015-09-01,2099-12-31
97,IN,0,1.102,0.096,0.939,2015-09-01,2099-12-31
97,KS,0,1.102,0.096,0.939,2015-09-01,2099-12-31
97,KY,0,1.102,0.096,0.939,2015-09-01,2099-12-31
97,LA,0,1.102,0.096,0.939,2015-09-01,2099-12-31
97,MA,0,1.102,0.096,0.939,2015-09-01,2099-12-31
97,MD,0,1.102,0.096,0.939,2015-09-01,2099-12-31
97,ME,0,1.102,0.096,0.939,2015-09-01,2099-12-31
97,MI,0,1.102,0.096,0.939,2015-09-01,2099-12-31
97,MN,0,1.102,0.096,0.939,2015-09-01,2099-12-31
97,MO,0,1.102,0.096,0.939,2015-09-01,2099-12-31
97,MS,0,1.102,0.096,0.939,2015-09-01,2099-12-31
97,MT,0,1.102,0.096,0.939,2015-09-01,2099-12-31
97,NC,0,1.102,0.096,0.939,2015-09-01,2099-12-31
97,ND,0,1.102,0.096,0.939,2015-09-01,2099-12-31
97,NE,0,1.102,0.096,0.939,2015-09-01,2099-12-31
97,NH,0,1.102,0.096,0.939,2015-09-01,2099-12-31
97,NJ,0,1.102,0.096,0.939,2015-09-01,2099-12-31
97,NM,0,1.102,0.096,0.939,2015-09-01,2099-12-31
97,NV,0,1.102,0.096,0.939,2015-09-01,2099-12-31
97,NY,0,1.102,0.096,0.939,2015-09-01,2099-12-31
97,OH,0,1.102,0.096,0.939,2015-09-01,2099-12-31
97,OK,0,1.102,0.096,0.939,2015-09-01,2099-12-31
97,OR,0,1.102,0.096,0.939,2015-09-01,2099-12-31
97,PA,0,1.102,0.096,0.939,2015-09-01,2099-12-31
97,RI,0,1.102,0.096,0.939,2015-09-01,2099-12-31
97,SC,0,1.102,0.096,0.939,2015-09-01,2099-12-31
97,SD,0,1.102,0.096,0.939,2015-09-01,2099-12-31
97,TN,0,1.102,0.096,0.939,2015-09-01,2099-12-31
97,TX,0,1.102,0.096,0.939,2015-09-01,2099-12-31
97,UT,0,1.102,0.096,0.939,2015-09-01,2099-12-31
97,VA,0,1.102,0.096,0.939,2015-09-01,2099-12-31
97,VT,0,1.102,0.096,0.939,2015-09-01,2099-12-31
97,WA,0,1.102,0.096,0.939,2015-09-01,2099-12-31
97,WI,0,1.102,0.096,0.939,2015-09-01,2099-12-31
97,WV,0,1.102,0.096,0.939,2015-09-01,2099-12-31
97,WY,0,1.102,0.096,0.939,2015-09-01,2099-12-31
58,AK,0,1.080322654,0.080384607,0.827846419,2015-09-01,2015-12-31
58,AK,0,1.006824468,0.080384607,0.771525088,2016-01-01,2016-04-30
58,AK,0,1.045508274,0.080384607,0.801168315,2016-05-01,2099-12-31
58,AL,0,0.860946044,0.081387143,0.651612362,2015-09-01,2016-01-14
58,AL,0,0.914926721,0.081387143,0.692467972,2016-01-15,2099-12-31
58,AR,0,1.136277335,0.079267393,0.882996438,2015-09-01,2016-05-26
58,AR,0,1.147754884,0.079267393,0.891915594,2016-05-27,2099-12-31
58,AZ,0,1.037883339,0.077562055,0.824267962,2015-09-01,2015-11-17
58,AZ,0,1.061230407,0.077562055,0.842809777,2015-11-18,2099-12-31
58,CA,0,1.457973053,0.080309099,1.118288682,2015-09-01,2015-10-23
58,CA,0,1.534708477,0.080309099,1.177145981,2015-10-24,2099-12-31
58,CO,0,0.884486244,0.081078774,0.671974967,2015-09-01,2015-11-05
58,CO,0,0.901616966,0.081078774,0.684989772,2015-11-06,2099-12-31
58,CT,0,0.909665198,0.078662246,0.712335227,2015-09-01,2015-12-09
58,CT,0,0.946581892,0.078662246,0.741243732,2015-12-10,2099-12-31
58,DC,0,1.177654651,0.087963046,0.824682682,2015-09-01,2015-10-02
58,DC,0,1.1729628,0.087963046,0.821397094,2015-10-03,2099-12-31
58,DE,0,1.191880202,0.086122087,0.852485976,2015-09-01,2015-11-30
58,DE,0,1.111828546,0.086122087,0.795229455,2015-12-01,2099-12-31
58,FL,0,1.027695848,0.077754499,0.814157184,2015-09-01,2015-11-30
58,FL,0,1.078379694,0.077754499,0.854309742,2015-12-01,2099-12-31
58,GA,0,1.215312206,0.088319382,0.84761966,2015-09-01,2016-01-14
58,GA,0,1.136868293,0.088319382,0.792908943,2016-01-15,2099-12-31
58,HI,0,1.154231111,0.085180957,0.83467892,2015-09-01,2016-01-11
58,HI,0,1.090955681,0.085180957,0.788921474,2016-01-12,2099-12-31
58,IA,0,1.193186141,0.07673291,0.957846066,2015-09-01,2015-12-31
58,IA,0,1.16181708,0.07673291,0.932664134,2016-01-01,2099-12-31
58,ID,0,1.072434955,0.07905553,0.835618204,2015-09-01,2015-12-31
58,ID,0,1.070294366,0.07905553,0.833950304,2016-01-01,2099-12-31
58,IL,0,1.424478431,0.077894118,1.126471992,2015-09-01,2099-12-31
58,IN,0,0.997807479,0.075930414,0.809468909,2015-09-01,2015-12-02
58,IN,0,0.985002447,0.075930414,0.799080857,2015-12-03,2099-12-31
58,KS,0,1.084568153,0.077399442,0.863153837,2015-09-01,2099-12-31
58,KY,0,1.122884865,0.075559118,0.915413962,2015-09-01,2015-09-25
58,KY,0,1.162406693,0.075559118,0.947633501,2015-09-26,2099-12-31
58,LA,0,1.141890826,0.081538434,0.862643592,2015-09-01,2016-04-30
58,LA,0,1.118404335,0.081538434,0.844900678,2016-05-01,2099-12-31
58,MA,0,1.236997897,0.082884171,0.919319661,2015-09-01,2016-06-30
58,MA,0,1.21871714,0.082884171,0.905733656,2016-07-01,2099-12-31
58,MD,0,1.092762258,0.083002913,0.810963931,2015-09-01,2015-10-13
58,MD,0,1.153920019,0.083002913,0.856350507,2015-10-14,2099-12-31
58,ME,0,1.056399661,0.078701475,0.826826841,2015-09-01,2016-03-18
58,ME,0,1.029629299,0.078701475,0.805874114,2016-03-19,2099-12-31
58,MI,0,1.030021475,0.080970508,0.783589489,2015-09-01,2015-10-28
58,MI,0,1.059692875,0.080970508,0.806162026,2015-10-29,2099-12-31
58,MN,0,1.161666174,0.080753228,0.886116117,2015-09-01,2015-09-24
58,MN,0,1.112707063,0.080753228,0.848770227,2015-09-25,2099-12-31
58,MO,0,1.048284899,0.075938786,0.850324839,2015-09-01,2015-10-09
58,MO,0,1.035854644,0.075938786,0.840241936,2015-10-10,2099-12-31
58,MS,0,1.090841711,0.079614023,0.843997875,2015-09-01,2016-02-04
58,MS,0,1.050907236,0.079614023,0.813100072,2016-02-05,2099-12-31
58,MT,0,1.035094765,0.076986391,0.82820021,2015-09-01,2016-05-13
58,MT,0,1.030970882,0.076986391,0.824900608,2016-05-14,2099-12-31
58,NC,0,0.837312022,0.076898691,0.670714294,2015-09-01,2016-01-19
58,NC,0,0.932418733,0.076898691,0.746897878,2016-01-20,2099-12-31
58,ND,0,1.058646782,0.077562246,0.84075584,2015-09-01,2099-12-31
58,NE,0,1.071204869,0.078122808,0.84462489,2015-09-01,2016-01-11
58,NE,0,1.084215454,0.078122808,0.854883492,2016-01-12,2099-12-31
58,NH,0,1.223094815,0.082110834,0.917548109,2015-09-01,2015-12-31
58,NH,0,1.29978195,0.082110834,0.975077693,2016-01-01,2099-12-31
58,NJ,0,1.734341646,0.080260693,1.331070123,2015-09-01,2099-12-31
58,NM,0,0.936646522,0.076220906,0.756956292,2015-09-01,2015-10-02
58,NM,0,0.99855706,0.076220906,0.80698965,2015-10-03,2099-12-31
58,NV,0,1.034833857,0.075498909,0.844304569,2015-09-01,2016-02-29
58,NV,0,1.052730272,0.075498909,0.858905971,2016-03-01,2099-12-31
58,NY,0,1.27280424,0.077692918,1.009135218,2015-09-01,2015-09-11
58,NY,0,1.201892578,0.077692918,0.952913332,2015-09-12,2099-12-31
58,OH,0,1.03972894,0.076340398,0.838947721,2015-09-01,2099-12-31
58,OK,0,1.241461156,0.086234416,0.886791857,2015-09-01,2016-06-30
58,OK,0,1.200639416,0.086234416,0.857632357,2016-07-01,2099-12-31
58,OR,0,1.052954234,0.076891279,0.843532069,2015-09-01,2015-12-17
58,OR,0,0.993353051,0.076891279,0.795784971,2015-12-18,2099-12-31
58,PA,0,1.203107796,0.076782116,0.965191863,2015-09-01,2016-02-25
58,PA,0,1.214034103,0.076782116,0.97395748,2016-02-26,2099-12-31
58,RI,0,1.106597953,0.084460204,0.807062038,2015-09-01,2099-12-31
58,SC,0,1.018132928,0.083308494,0.752808272,2015-09-01,2099-12-31
58,SD,0,1.130413668,0.083543494,0.833477639,2015-09-01,2016-06-01
58,SD,0,1.145302602,0.083543494,0.844455561,2016-06-02,2099-12-31
58,TN,0,1.193862784,0.084013193,0.875338658,2015-09-01,2016-08-27
58,TN,0,1.226991557,0.084013193,0.899628631,2016-08-28,2016-02-03
58,TN,0,1.207668855,0.084013193,0.885461251,2016-02-04,2099-12-31
58,TX,0,0.867196075,0.07692717,0.694395238,2015-09-01,2016-05-26
58,TX,0,1.020230676,0.07692717,0.816935574,2016-05-27,2099-12-31
58,UT,0,1.066255521,0.078622048,0.835383942,2015-09-01,2015-10-15
58,UT,0,1.093595406,0.078622048,0.856804043,2015-10-16,2099-12-31
58,VA,0,0.950686361,0.077873521,0.751997919,2015-09-01,2016-03-31
58,VA,0,0.901124513,0.077873521,0.712794236,2016-04-01,2099-12-31
58,VT,0,1.07158643,0.078350873,0.842466331,2015-09-01,2016-03-01
58,VT,0,1.044431218,0.078350873,0.821117281,2016-03-02,2099-12-31
58,WA,0,1.058849497,0.077766313,0.838710173,2015-09-01,2099-12-31
58,WI,0,1.017939131,0.075432751,0.831248828,2015-09-01,2099-12-31
58,WV,0,0.990710271,0.073925395,0.825509733,2015-09-01,2015-10-21
58,WV,0,1.127087908,0.073925395,0.939146454,2015-10-22,2099-12-31
58,WY,0,1.080179471,0.07906159,0.841588052,2015-09-01,2099-12-31
58,AK,1,1.084901362,0.080939948,0.831034444,2015-09-01,2015-12-31
58,AK,1,1.011091671,0.080939948,0.77449622,2016-01-01,2016-04-30
58,AK,1,1.049939429,0.080939948,0.804253603,2016-05-01,2099-12-31
58,AL,1,0.993902475,0.081902246,0.752384174,2015-09-01,2016-01-14
58,AL,1,1.056219421,0.081902246,0.799558102,2016-01-15,2099-12-31
58,AR,1,0.856805434,0.07979408,0.665737822,2015-09-01,2016-05-26
58,AR,1,0.865460034,0.07979408,0.672462447,2016-05-27,2099-12-31
58,AZ,1,0.848775108,0.078085642,0.673927436,2015-09-01,2015-11-17
58,AZ,1,0.867868209,0.078085642,0.689087358,2015-11-18,2099-12-31
58,CA,1,0.566146834,0.08083442,0.434234622,2015-09-01,2015-10-23
58,CA,1,0.595944036,0.08083442,0.457089075,2015-10-24,2099-12-31
58,CO,1,0.879252482,0.081578947,0.668231887,2015-09-01,2015-11-05
58,CO,1,0.896281837,0.081578947,0.681174196,2015-11-06,2099-12-31
58,CT,1,0.858024362,0.079182631,0.671833076,2015-09-01,2015-12-09
58,CT,1,0.89284533,0.079182631,0.699097894,2015-12-10,2099-12-31
58,DC,1,0.962608225,0.088571429,0.673825757,2015-09-01,2015-10-02
58,DC,1,0.958773132,0.088571429,0.671141192,2015-10-03,2099-12-31
58,DE,1,1.033964297,0.086713287,0.739284472,2015-09-01,2015-11-30
58,DE,1,0.964518934,0.086713287,0.689631038,2015-12-01,2099-12-31
58,FL,1,0.958753552,0.078282828,0.759332813,2015-09-01,2015-11-30
58,FL,1,1.006037305,0.078282828,0.796781546,2015-12-01,2099-12-31
58,GA,1,0.960176982,0.088952654,0.669243356,2015-09-01,2016-01-14
58,GA,1,0.898201105,0.088952654,0.62604617,2016-01-15,2099-12-31
58,HI,1,0.860733898,0.085753804,0.622310608,2015-09-01,2016-01-11
58,HI,1,0.813548108,0.085753804,0.588195282,2016-01-12,2099-12-31
58,IA,1,0.824265251,0.077210461,0.661884996,2015-09-01,2015-12-31
58,IA,1,0.802595181,0.077210461,0.64448393,2016-01-01,2099-12-31
58,ID,1,0.868554068,0.079589217,0.676603619,2015-09-01,2015-12-31
58,ID,1,0.866820428,0.079589217,0.675253113,2016-01-01,2099-12-31
58,IL,1,0.925544965,0.078381795,0.732106067,2015-09-01,2099-12-31
58,IN,1,0.814808248,0.076448829,0.660809489,2015-09-01,2015-12-02
58,IN,1,0.804351677,0.076448829,0.65232921,2015-12-03,2099-12-31
58,KS,1,0.83581962,0.077889447,0.665312417,2015-09-01,2099-12-31
58,KY,1,0.812086425,0.07607362,0.661850436,2015-09-01,2015-09-25
58,KY,1,0.840669177,0.07607362,0.685145379,2015-09-26,2099-12-31
58,LA,1,0.892590247,0.082119205,0.673905637,2015-09-01,2016-04-30
58,LA,1,0.874231388,0.082119205,0.660044698,2016-05-01,2099-12-31
58,MA,1,0.958876033,0.083445491,0.712444893,2015-09-01,2016-06-30
58,MA,1,0.944705451,0.083445491,0.70191615,2016-07-01,2099-12-31
58,MD,1,0.93999591,0.083557951,0.697476965,2015-09-01,2015-10-13
58,MD,1,0.992603917,0.083557951,0.736512107,2015-10-14,2099-12-31
58,ME,1,0.811838057,0.079182631,0.635669199,2015-09-01,2016-03-18
58,ME,1,0.791265163,0.079182631,0.619560622,2016-03-19,2099-12-31
58,MI,1,0.830609468,0.081471748,0.632093805,2015-09-01,2015-10-28
58,MI,1,0.85453649,0.081471748,0.650302269,2015-10-29,2099-12-31
58,MN,1,0.874271476,0.081258191,0.667069137,2015-09-01,2015-09-24
58,MN,1,0.837424786,0.081258191,0.638955112,2015-09-25,2099-12-31
58,MO,1,0.797373463,0.076448829,0.646669879,2015-09-01,2015-10-09
58,MO,1,0.787918442,0.076448829,0.639001856,2015-10-10,2099-12-31
58,MS,1,0.835408269,0.080103359,0.646606,2015-09-01,2016-02-04
58,MS,1,0.804824922,0.080103359,0.62293449,2016-02-05,2099-12-31
58,MT,1,0.856936427,0.0775,0.685549142,2015-09-01,2016-05-13
58,MT,1,0.853522338,0.0775,0.68281787,2016-05-14,2099-12-31
58,NC,1,0.824084907,0.077403246,0.66009201,2015-09-01,2016-01-19
58,NC,1,0.917689206,0.077403246,0.735069054,2016-01-20,2099-12-31
58,ND,1,0.853167835,0.078085642,0.677415261,2015-09-01,2099-12-31
58,NE,1,0.856790594,0.078680203,0.675150988,2015-09-01,2016-01-11
58,NE,1,0.867196957,0.078680203,0.683351202,2016-01-12,2099-12-31
58,NH,1,0.881406932,0.082666667,0.661055199,2015-09-01,2015-12-31
58,NH,1,0.936670491,0.082666667,0.702502868,2016-01-01,2099-12-31
58,NJ,1,0.970981082,0.08083442,0.74474249,2015-09-01,2099-12-31
58,NM,1,0.834271241,0.076732673,0.674091162,2015-09-01,2015-10-02
58,NM,1,0.889414969,0.076732673,0.718647295,2015-10-03,2099-12-31
58,NV,1,0.824997096,0.075980392,0.67319763,2015-09-01,2016-02-29
58,NV,1,0.839264594,0.075980392,0.684839909,2016-03-01,2099-12-31
58,NY,1,0.77341656,0.078184111,0.613319332,2015-09-01,2015-09-11
58,NY,1,0.730327252,0.078184111,0.579149511,2015-09-12,2099-12-31
58,OH,1,0.841831819,0.076827757,0.679358278,2015-09-01,2099-12-31
58,OK,1,0.920205012,0.086834734,0.657026379,2015-09-01,2016-06-30
58,OK,1,0.889946821,0.086834734,0.63542203,2016-07-01,2099-12-31
58,OR,1,1.05281956,0.077403246,0.843308468,2015-09-01,2015-12-17
58,OR,1,0.993226,0.077403246,0.795574026,2015-12-18,2099-12-31
58,PA,1,0.864685966,0.077306733,0.693478145,2015-09-01,2016-02-25
58,PA,1,0.872538815,0.077306733,0.69977613,2016-02-26,2099-12-31
58,RI,1,0.875856667,0.085048011,0.63849951,2015-09-01,2099-12-31
58,SC,1,0.852588323,0.083897158,0.630062771,2015-09-01,2099-12-31
58,SD,1,0.917384782,0.08412483,0.676112584,2015-09-01,2016-06-01
58,SD,1,0.929467864,0.08412483,0.685017816,2016-06-02,2099-12-31
58,TN,1,0.936018468,0.084583902,0.686101537,2015-09-01,2016-08-27
58,TN,1,0.961992259,0.084583902,0.705140326,2016-08-28,2016-02-03
58,TN,1,0.946842775,0.084583902,0.694035754,2016-02-04,2099-12-31
58,TX,1,0.849558661,0.077403246,0.680496487,2015-09-01,2016-05-26
58,TX,1,0.999480777,0.077403246,0.800584103,2016-05-27,2099-12-31
58,UT,1,0.863259363,0.079182631,0.675932081,2015-09-01,2015-10-15
58,UT,1,0.885394219,0.079182631,0.693263673,2015-10-16,2099-12-31
58,VA,1,1.002421977,0.078381795,0.792915784,2015-09-01,2016-03-31
58,VA,1,0.950163011,0.078381795,0.751578942,2016-04-01,2099-12-31
58,VT,1,0.859498478,0.078880407,0.675565804,2015-09-01,2016-03-01
58,VT,1,0.837717815,0.078880407,0.658446203,2016-03-02,2099-12-31
58,WA,1,0.864431973,0.078282828,0.684630123,2015-09-01,2099-12-31
58,WI,1,0.821584636,0.075887393,0.671234648,2015-09-01,2099-12-31
58,WV,1,0.807461678,0.074429772,0.672615578,2015-09-01,2015-10-21
58,WV,1,0.918613968,0.074429772,0.765205436,2015-10-22,2099-12-31
58,WY,1,0.876537559,0.0796372,0.677990692,2015-09-01,2099-12-31
